{
  "DataVersion": 575489,
  "Entities": [
    {
    "id": "{525b9d7e-a395-4b98-a159-edde6ee913f6}",
    "type": "Zone",
    "lastEdited": 1655773630838657,
    "name": "Main",
    "userData": "{\n    \"grabbableKey\": {\n        \"grabbable\": false,\n        \"ignoreIK\": false\n    }\n}",
    "dimensions": {
        "x": 1024,
        "y": 256,
        "z": 1024
    },
    "rotation": {
        "x": -0.0000152587890625,
        "y": 0.927824854850769,
        "z": -0.0000152587890625,
        "w": 0.37297630310058594
    },
    "created": 1637252539088896,
    "lastEditedBy": "{241e97b8-ffd2-48ef-b30f-b818ae608ddc}",
    "queryAACube": {
        "x": -735.3040161132812,
        "y": -735.3040161132812,
        "z": -735.3040161132812,
        "scale": 1470.6080322265625
    },
    "grab": {
        "grabbable": false,
        "grabFollowsController": false,
        "equippableLeftRotation": {
            "x": -0.0000152587890625,
            "y": -0.0000152587890625,
            "z": -0.0000152587890625,
            "w": 1
        },
        "equippableRightRotation": {
            "x": -0.0000152587890625,
            "y": -0.0000152587890625,
            "z": -0.0000152587890625,
            "w": 1
        }
    },
    "shapeType": "box",
    "ambientLight": {
        "ambientIntensity": 1.0
    },
        
    "keyLightMode": "disabled",
    "ambientLightMode": "enabled",
    "skyboxMode": "enabled",
    "clientOnly": false,
    "avatarEntity": false,
    "localEntity": false,
    "faceCamera": false,
    "isFacingAvatar": false
}
],
  "Id": "{91449683-665f-487b-985b-30a7846b5ccc}",
  "Version": 133
}