{
  "DataVersion": 575489,
  "Entities": [
{
    "id": "{b45c9644-77cb-42c1-8476-3df582b8bd4c}",
    "type": "Box",
    "lastEdited": 1655773630776506,
    "visible": false,
    "name": "CoordinateMainHouse X-",
    "locked": true,
    "description": "-38.5000",
    "position": {
        "x": 0,
        "y": 0.500000190734863,
        "z": 0
    },
    "dimensions": {
        "x": 0.2,
        "y": 0.5,
        "z": 0.4
    },
    "rotation": {
        "x": -0.0000152587890625,
        "y": -0.0000152587890625,
        "z": -0.0000152587890625,
        "w": 1
    },
    "created": 1638732692193280,
    "lastEditedBy": "{2fa5b086-63a1-4d53-a01b-2fcb51ac40cd}",
    "queryAACube": {
        "x": -52.1732063293457,
        "y": 8.126794815063477,
        "z": -47.07320785522461,
        "scale": 0.3464101552963257
    },
    "canCastShadow": false,
    "grab": {
        "grabbable": false,
        "equippableLeftRotation": {
            "x": -0.0000152587890625,
            "y": -0.0000152587890625,
            "z": -0.0000152587890625,
            "w": 1
        },
        "equippableRightRotation": {
            "x": -0.0000152587890625,
            "y": -0.0000152587890625,
            "z": -0.0000152587890625,
            "w": 1
        }
    },
    "damping": 0,
    "angularDamping": 0,
    "collisionless": true,
    "ignoreForCollisions": true,
    "color": {
        "red": 255,
        "green": 0,
        "blue": 0
    },
    "shape": "Cube",
    "clientOnly": false,
    "avatarEntity": false,
    "localEntity": false,
    "faceCamera": false,
    "isFacingAvatar": false
},
{
    "id": "{eeaa81a8-019c-4244-b19b-be58c02aa2be}",
    "type": "Light",
    "lastEdited": 1655773630772132,
    "parentID": "{b45c9644-77cb-42c1-8476-3df582b8bd4c}",
    "name": "(4)",
    "position": {
        "x": -0.7057181000709534,
        "y": 1.0,
        "z": 1.1855106353759766
    },
    "dimensions": {
        "x": 3.8637032508850098,
        "y": 3.8637032508850098,
        "z": 4
    },
    "rotation": {
        "x": 90,
        "y": 0,
        "z": 0,
        "w": 1
    },
    "created": 1639591551434752,
    "lastEditedBy": "{b9b1c1f3-e487-4979-aa25-6f2f5d06c6db}",
    "queryAACube": {
        "x": -52.651344299316406,
        "y": 6.621402740478516,
        "z": -42.70083999633789,
        "scale": 6.771735668182373
    },
    "grab": {
        "grabbable": false,
        "equippableLeftRotation": {
            "x": -0.0000152587890625,
            "y": -0.0000152587890625,
            "z": -0.0000152587890625,
            "w": 1
        },
        "equippableRightRotation": {
            "x": -0.0000152587890625,
            "y": -0.0000152587890625,
            "z": -0.0000152587890625,
            "w": 1
        }
    },
    "damping": 0,
    "angularDamping": 0,
    "isSpotlight": true,
    "intensity": 5,
    "exponent": 6.329999923706055,
    "cutoff": 75,
    "falloffRadius": 10,
    "clientOnly": false,
    "avatarEntity": false,
    "localEntity": false,
    "faceCamera": false,
    "isFacingAvatar": false
},
    {
    "id": "{0426c281-c6b7-4d03-9a52-a0926e19ee2f}",
    "type": "Model",
    "lastEdited": 1655773630796121,
    "name": "(3)",
    "locked": true,
    "position": {
        "x": -0.59544372558594,
        "y": 0,
        "z": 0
    },
    "dimensions": {
        "x": 2.623137950897217,
        "y": 0.8350000381469727,
        "z": 2.2049996852874756
    },
    "rotation": {
        "x": -0.0000457763671875,
        "y": -0.5001144409179688,
        "z": -0.0000457763671875,
        "w": 0.8659647703170776
    },
    "created": 1639672618942464,
    "lastEditedBy": "{5074da71-ac10-4d4c-96ca-2bebd5bf0178}",
    "queryAACube": {
        "x": -39.0230712890625,
        "y": 6.703355312347412,
        "z": -36.402408599853516,
        "scale": 3.527052879333496
    },
    "grab": {
        "grabbable": false,
        "equippableLeftRotation": {
            "x": -0.0000152587890625,
            "y": -0.0000152587890625,
            "z": -0.0000152587890625,
            "w": 1
        },
        "equippableRightRotation": {
            "x": -0.0000152587890625,
            "y": -0.0000152587890625,
            "z": -0.0000152587890625,
            "w": 1
        }
    },
    "damping": 0,
    "angularDamping": 0,
    "collisionMask": 24,
    "collidesWith": "myAvatar,otherAvatar,",
    "shapeType": "static-mesh",
    "modelURL": "https://staging.vircadia.com/O12OR634/UA92/sara.glb",
    "blendshapeCoefficients": "{\n}\n",
    "useOriginalPivot": true,
    "animation": {
        "allowTranslation": false
    },
    "clientOnly": false,
    "avatarEntity": false,
    "localEntity": false,
    "faceCamera": false,
    "isFacingAvatar": false
},
    {
    "id": "{525b9d7e-a395-4b98-a159-edde6ee913f6}",
    "type": "Zone",
    "lastEdited": 1655773630838657,
    "name": "Main",
    "userData": "{\n    \"grabbableKey\": {\n        \"grabbable\": false,\n        \"ignoreIK\": false\n    }\n}",
    "dimensions": {
        "x": 1024,
        "y": 256,
        "z": 1024
    },
    "rotation": {
        "x": -0.0000152587890625,
        "y": 0.927824854850769,
        "z": -0.0000152587890625,
        "w": 0.37297630310058594
    },
    "created": 1637252539088896,
    "lastEditedBy": "{241e97b8-ffd2-48ef-b30f-b818ae608ddc}",
    "queryAACube": {
        "x": -735.3040161132812,
        "y": -735.3040161132812,
        "z": -735.3040161132812,
        "scale": 1470.6080322265625
    },
    "grab": {
        "grabbable": false,
        "grabFollowsController": false,
        "equippableLeftRotation": {
            "x": -0.0000152587890625,
            "y": -0.0000152587890625,
            "z": -0.0000152587890625,
            "w": 1
        },
        "equippableRightRotation": {
            "x": -0.0000152587890625,
            "y": -0.0000152587890625,
            "z": -0.0000152587890625,
            "w": 1
        }
    },
    "shapeType": "box",
    "keyLight": {
        "color": {
            "red": 77,
            "green": 77,
            "blue": 77
        },
        "intensity": 0.01,
        "direction": {
            "x": 0.6522588133811951,
            "y": -0.7291311025619507,
            "z": -0.20718644559383392
        },
        "castShadows": true,
        "shadowBias": 0.05000000074505806,
        "shadowMaxDistance": 50
    },
    "ambientLight": {
        "ambientIntensity": 0.20000000298023224,
        "ambientURL": "https://aitolda.s3.amazonaws.com/Vircadia/DemoWorld/Skybox/Forest360.jpg"
    },
    "skybox": {
        "color": {
            "red": 255,
            "green": 255,
            "blue": 255
        },        
		"url": "https://assets.babylonjs.com/textures/TropicalSunnyDay"
    },
    "haze": {
        "hazeRange": 50,
        "hazeColor": {
            "red": 173,
            "green": 231,
            "blue": 255
        },
        "hazeGlareColor": {
            "red": 255,
            "green": 226,
            "blue": 189
        },
        "hazeEnableGlare": true,
        "hazeGlareAngle": 60,
        "hazeCeiling": 1,
        "hazeBaseRef": 25,
        "hazeBackgroundBlend": 0.6499999761581421
    },
    "bloom": {
        "bloomIntensity": 0.20000000298023224,
        "bloomThreshold": 0.5,
        "bloomSize": 1
    },
    "keyLightMode": "enabled",
    "ambientLightMode": "enabled",
    "skyboxMode": "enabled",
    "hazeMode": "enabled",
    "bloomMode": "enabled",
    "clientOnly": false,
    "avatarEntity": false,
    "localEntity": false,
    "faceCamera": false,
    "isFacingAvatar": false
}
],
  "Id": "{91449683-665f-487b-985b-30a7846b5ccc}",
  "Version": 133
}